No,Keyword,Search Volume,CPC,Paid Difficulty,SEO Difficulty
1,headshot,60500,US$5.71,24,74
2,headshots,60500,US$3.79,19,45
3,professional headshots,49500,US$3.53,41,37
4,professional headshot photographer,33100,US$5.85,3,45
5,professional headshots near me,18100,US$3.58,42,30
6,headshots near me,14800,US$3.62,60,50
7,acting headshots,9900,US$2.36,12,25
8,actor headshots,9900,US$2.36,12,37
9,headshot photographer,8100,US$7.43,12,29
10,group photos,5400,US$2.52,1,55
11,business headshots,4400,US$6.75,30,33
12,company headshots,4400,US$4.16,27,35
13,corporate headshot,3600,US$4.70,22,35
14,corporate headshots,3600,US$7.96,26,20
15,real estate headshots,1900,US$4.74,24,17
16,professional business photo,1300,US$8.97,35,56
17,professional business picture,1300,US$8.97,35,57
18,theatrical headshots,1300,US$3.58,4,28
19,business headshots near me,1000,US$4.72,28,27
20,company headshot photographer,1000,US$10.27,5,49
21,corporate headshots photographer,1000,US$10.27,5,17
22,business headshots women,590,US$2.71,5,22
23,executive headshots,590,US$7.51,70,18
24,doctor headshots,480,US$5.22,15,13
25,attorney headshots,390,US$5.67,8,13
26,business casual headshots,390,US$3.04,5,11
27,lawyer headshots,390,US$5.67,8,24
28,phoenix headshot,260,US$4.37,26,28
29,headshots phoenix,210,US$3.69,51,24
30,office headshots,210,US$5.63,6,61
31,headshot professional photographer,170,$0.00 ,2,34
32,phoenix headshot photographer,170,US$9.24,55,16
33,staff headshots,140,US$5.75,20,19
34,employee headshots,110,US$11.69,16,29
35,outdoor actor headshots,110,US$0.00,6,30
36,professional headshots phoenix,110,$4.15 ,71,27
37,student headshots,110,US$3.17,7,25
38,event headshots,90,US$11.84,31,11
39,opera headshots,90,US$0.00,1,16
40,phoenix portrait photographer,90,US$0.00,1,44
41,law firm headshots,70,US$3.91,10,10
42,business headshots phoenix,50,US$4.77,60,30
43,on-location headshots,30,US$4.52,24,19
44,convention headshot booth,10,US$0.00,1,9
45,convention headshot photographer,10,US$0.00,1,10
46,office headshots on location,10,US$0.00,1,14
47,on camera headshots,10,US$0.00,1,28
48,stage headshots,10,US$0.00,1,20
49,actor¬†headshots,0,US$0.00,1,28
50,actorâ headshots,0,US$0.00,1,20
51,attorney headshot phoenix,0,$0.00 ,1,15
52,attorney headshot photographer,0,$0.00 ,1,20
53,business headshots phoenix #3 21,0,$0.00 ,1,4
54,business headshots phoenix az,0,US$0.00,1,27
55,business portraits photographer track keyword 18,0,$0.00 ,1,4
56,business retreat headshots,0,US$0.00,1,8
57,conference headshots track keyword 9,0,$0.00 ,1,4
58,corporate headshots large women track keyword 38,0,$0.00 ,1,4
59,corporate headshots photographe,0,US$0.00,1,28
60,corporate headshots photographer track keyword 27,0,$0.00 ,1,4
61,corporate headshots photographers track keyword 23,0,$0.00 ,1,4
62,corporateâ headshots,0,US$0.00,1,21
63,court staff headshots,0,$0.00 ,1,22
64,event headshots track keyword 11,0,$0.00 ,1,4
65,executive headshots phoenix az track keyword 19,0,$0.00 ,1,4
66,expo headshots track keyword 8,0,$0.00 ,1,4
67,headshot expo track keyword 2,0,$0.00 ,1,4
68,headshot photographer phoenix track keyword 29,0,$0.00 ,1,4
69,headshot photography phoenix track keyword 26,0,$0.00 ,1,4
70,headshot pros track keyword 21,0,$0.00 ,1,4
71,headshots near phoenix,0,US$0.00,1,23
72,judge headshots,0,$0.00 ,1,22
73,lawyer headshots phoenix,0,$0.00 ,1,14
74,legal headshots phoenix,0,$0.00 ,1,7
75,litigation headshots,0,$0.00 ,1,14
76,phoenix convention headshots,0,US$0.00,1,13
77,phoenix lawyer headshots,0,$0.00 ,1,8
78,professional business headshots phoenix,0,US$0.00,1,29
79,professional corporate headshots near me track keyword 25,0,$0.00 ,1,4
80,professional headshots phoenix az #3 24,0,$0.00 ,1,4
81,realtor headshots photographer near me track keyword 17,0,$0.00 ,1,4
82,sales meeting headshots,0,US$0.00,1,30
83,scottsdale legal headshots,0,$0.00 ,1,8
84,tradeshows headshots track keyword 8,0,$0.00 ,1,4
85,where can i get a professional headshot near me track keyword 27,0,$0.00 ,1,4
86,where can i get professional headshots track keyword 34,0,$0.00 ,1,4