Keyword,Intent,Volume,Potential Traffic,Personal Keyword Difficulty,Keyword Difficulty,CPC (USD),SERP Features,Positions
headshots phoenix,Commercial,260,0,37,36,2.06,"Sitelinks, Reviews, Local pack, Related searches",
professional headshots phoenix,Commercial,140,8,0,26,2.95,"Sitelinks, Reviews, Local pack, Related searches",6
headshots phoenix az,Commercial,110,4,0,41,2.06,"Sitelinks, Reviews, Image, People also ask, Local pack, Related searches",9
business headshots phoenix,Commercial,90,3,0,41,0,"Sitelinks, Reviews, Local pack, Related searches",8
corporate headshots phoenix,Commercial,90,3,0,20,5.14,"Sitelinks, Image pack, Local pack, Related searches",7
headshot photographer phoenix,Commercial,90,5,0,33,3.31,"Sitelinks, Image, Image pack, Video carousel, Local pack, Related searches",6
headshot photography phoenix,Commercial,90,3,0,13,0,"Sitelinks, Image pack, Video carousel, Local pack, Related searches",8
linkedin headshots phoenix,Commercial,70,4,0,9,0,"Sitelinks, Image pack, Video, Local pack, Related searches",6
real estate headshots phoenix,,70,,,,0,,
realtor headshots phoenix,,70,,,,0,,
phoenix headshot photography,,50,,,,0,,
professional headshot photographer phoenix,Commercial,50,1,0,18,2.95,"Sitelinks, Image pack, People also ask, Local pack, Related searches",9
best headshot photographer phoenix,Commercial,40,1,0,12,0,"Sitelinks, AI Overview, Image pack, Video, Local pack, Discussions and forums, Related searches",9
headshots in phoenix,Commercial,40,1,0,17,2.02,"Sitelinks, Image pack, Video carousel, People also ask, Local pack, Related searches",9
phoenix convention headshots,,40,,,,0,,
phoenix headshot photographer,Commercial,40,1,0,31,3.31,"Sitelinks, Image, Video carousel, Local pack, Related searches",8
professional headshots phoenix az,Commercial,40,1,0,16,2.95,"Sitelinks, Image, Image pack, Video, Local pack, Related searches",7
best linkedin headshots phoenix,Commercial,30,1,0,10,2.4,"Sitelinks, AI Overview, Image pack, Video, People also ask, Local pack, Related searches",9
headshot photographer phoenix az,,30,,,,4.32,,
phoenix headshot photo booths,,30,,,,0,,
phoenix headshot photo lounge,,30,,,,0,,
phoenix headshots,"Informational, Commercial",30,2,0,18,2.02,"Sitelinks, Image pack, Video, People also ask, Knowledge panel, Related searches",4
phoenix headshots photographer,,30,,,,0,,
acting headshots phoenix,,20,,,,0,,
conference headshot booth phoenix,,20,,,,0,,
headshots in phoenix az,,20,,,,0,,
joaquin phoenix headshot,,20,,,,0,,
luxury linkedin headshots phoenix,,20,,,,0,,
phoenix modern headshots,,20,,,,0,,
phoenix personal branding headshots,,20,,,,0,,
river phoenix headshot,,20,,,,0,,
top-rated headshot services phoenix,,20,,,,0,,
business headshots phoenix az,,10,,,,0,,
cheap headshots phoenix,,10,,,,0,,
company headshots phoenix,,10,,,,0,,
conference headshots phoenix,,10,,,,0,,
corporate headshots phoenix az,,10,,,,0,,
event headshots phoenix,,10,,,,0,,
executive headshots phoenix,,10,,,,0,,
headshot booth phoenix,,10,,,,0,,
headshot phoenix,,10,,,,2.13,,
headshot photographers in phoenix arizona,,10,,,,0,,
phoenix business headshot,,10,,,,0,,
phoenix corporate headshots,,10,,,,0,,
what to wear headshots phoenix,,10,,,,0,,
actor headshots phoenix az,,0,,,,0,,
actors headshots phoenix,,0,,,,0,,
affordable headshots phoenix,,0,,,,0,,
anjeanette headshots phoenix,,0,,,,0,,
best headshots in phoenix,,0,,,,0,,
best places for outdoor headshots north phoenix az,,0,,,,0,,
best places for outdoor headshots phoenix az,,0,,,,0,,
black actors in phoenix arizona headshots,,0,,,,0,,
black actors in phoenix arizona headshots long hair,,0,,,,0,,
black male actors in phoenix arizona headshots long hair,,0,,,,0,,
business headshot phoenix,,0,,,,0,,
cmq headshots 4405 w phalen dr phoenix az 85087,,0,,,,0,,
cmq headshots 4405 west phalen drive phoenix arizona 85087,,0,,,,0,,
cmq headshots phoenix az,,0,,,,0,,
cmq headshots west phalen drive phoenix az,,0,,,,0,,
convention headshots phoenix,,0,,,,0,,
corporate headshot photographer phoenix az,,0,,,,0,,
elev8 business headshots phoenix,,0,,,,0,,
executive headshots phoenix az,,0,,,,0,,
headshot in phoenix,,0,,,,0,,
headshot photo phoenix az,,0,,,,0,,
headshot photographer in phoenix,,0,,,,0,,
headshot photographers phoenix,,0,,,,4.32,,
headshot photography phoenix az,,0,,,,0,,
headshots near phoenix,,0,,,,0,,
headshots photographer in phoenix,,0,,,,0,,
headshots photographer phoenix,,0,,,,0,,
headshots photographer phoenix az,,0,,,,0,,
headshots photography in phoenix,,0,,,,0,,
headshots photography phoenix,,0,,,,0,,
headshots photography phoenix az,,0,,,,0,,
joaquin phoenix joker headshot,,0,,,,0,,
phoenix actor headshots,,0,,,,0,,
phoenix arizona headshots,,0,,,,0,,
phoenix az headshot,,0,,,,0,,
phoenix branding headshots,,0,,,,0,,
phoenix business headshots,,0,,,,0,,
phoenix corporate headshot photographer,,0,,,,0,,
phoenix corporate team headshots,,0,,,,0,,
phoenix creative headshots,,0,,,,0,,
phoenix entrepreneur headshots,,0,,,,0,,
phoenix executive headshots,,0,,,,0,,
phoenix headshot,,0,,,,2.13,,
phoenix headshot photo booth,,0,,,,0,,
phoenix headshot photographer for business,,0,,,,0,,
phoenix headshot photography phoenix az,,0,,,,0,,
phoenix headshot printing,,0,,,,0,,
phoenix headshots by yucel,,0,,,,0,,
phoenix headshots for professionals,,0,,,,0,,
phoenix headshots for small businesses,,0,,,,0,,
phoenix headshots phoenix az,,0,,,,0,,
phoenix linkedin headshots,,0,,,,0,,
phoenix on-location headshots,,0,,,,0,,
phoenix photographers headshots,,0,,,,0,,
phoenix photography headshots,,0,,,,0,,
phoenix professional headshots,,0,,,,0,,
phoenix real estate agent headshots,,0,,,,0,,
phoenix rito headshot,,0,,,,0,,
phoenix social media headshots,,0,,,,0,,
phoenix studio headshots,,0,,,,0,,
phoenix team headshots,,0,,,,0,,
photo headshots phoenix az,,0,,,,0,,
photographers in phoenix headshots,,0,,,,0,,
professional business headshots phoenix,,0,,,,0,,
professional headshot phoenix,,0,,,,0,,
professional headshot photography phoenix,,0,,,,0,,
professional headshot photography phoenix az,,0,,,,0,,
professional headshot residency phoenix az,,0,,,,0,,
professional headshots downtown phoenix,,0,,,,3.03,,
professional headshots phoenix arizona,,0,,,,0,,
professional headshots photographer phoenix,,0,,,,0,,
professional linkedin headshot phoenix,,0,,,,0,,
real estate headshot phoenix az,,0,,,,0,,
real estate headshots in phoenix,,0,,,,0,,
top headshot photographers phoenix,,0,,,,0,,